Rk,Team,Conference,W,L,NetRtg,AdjRtg,AdjRk,Win %,PyW %,Luck,Luck Z,Ortg,DRtg,PF,PA,ODrives,DDrives,SOS,SOSFac
1,Indiana,Big Ten,12,0,279.287,459.721,1.000,1.000,0.967618385,0.032,0.762,375.862,96.575,545,141,145,146,50.746,1.646
2,Ohio State,Big Ten,11,1,269.125,390.759,3.000,0.917,0.973844443,-0.057,-0.056,351.938,82.813,454,106,129,128,44.762,1.452
3,Texas Tech,Big 12,11,1,239.321,238.807,6.000,0.917,0.968421916,-0.052,-0.007,320.930,81.609,552,142,172,174,30.762,0.998
4,Oregon,Big Ten,11,1,214.276,415.795,2.000,0.917,0.902482367,0.014,0.595,363.571,149.296,509,212,140,142,59.822,1.940
5,Notre Dame,FBS Independents,10,2,212.736,231.201,7.000,0.833,0.896458568,-0.063,-0.111,367.883,155.147,504,211,137,136,33.504,1.087
6,Utah,Big 12,9,2,204.754,171.940,14.000,0.818,0.888952744,-0.071,-0.180,362.500,157.746,493,224,136,142,25.888,0.840
7,Miami,ACC,10,2,174.000,230.727,8.000,0.833,0.909222437,-0.076,-0.227,288.966,114.966,419,169,145,147,40.879,1.326
8,Vanderbilt,SEC,9,2,161.198,144.781,16.000,0.818,0.809674729,0.009,0.544,366.667,205.469,473,263,129,128,27.689,0.898
9,Ole Miss,SEC,11,1,160.192,111.074,23.000,0.917,0.847009759,0.070,1.102,323.179,162.987,488,251,151,154,21.376,0.693
10,North Texas,American Athletic,11,2,153.901,90.290,30.000,0.846,0.785406537,0.061,1.021,380.120,226.220,631,371,166,164,18.086,0.587
11,Washington,Big Ten,8,4,150.915,192.024,12.000,0.667,0.825752507,-0.159,-0.987,325.735,174.820,443,243,136,139,39.226,1.272
12,Toledo,Mid-American,7,5,146.701,6.465,72.000,0.583,0.902288095,-0.319,-2.447,249.068,102.367,401,173,161,169,1.359,0.044
13,James Madison,Sun Belt,11,2,146.108,94.308,28.000,0.846,0.841419106,0.005,0.509,300.000,153.892,519,257,173,167,19.899,0.645
14,Georgia,SEC,11,1,143.439,205.468,11.000,0.917,0.848319068,0.068,1.090,288.194,144.755,415,207,144,143,44.160,1.432
15,Iowa,Big Ten,7,4,139.721,268.223,4.000,0.636,0.851891707,-0.216,-1.503,277.600,137.879,347,182,125,132,59.182,1.920
16,South Florida,American Athletic,8,4,138.696,154.275,15.000,0.667,0.804710929,-0.138,-0.795,320.732,182.036,526,304,164,167,34.292,1.112
17,Alabama,SEC,10,3,134.158,226.014,10.000,0.769,0.823805424,-0.055,-0.032,291.391,157.233,440,250,151,159,51.937,1.685
18,USC,Big Ten,9,3,133.465,178.166,13.000,0.750,0.768291375,-0.018,0.299,350.400,216.935,438,269,125,124,41.154,1.335
19,BYU,Big 12,11,2,120.456,249.278,5.000,0.846,0.799082954,0.047,0.896,283.871,163.415,440,268,155,164,63.798,2.069
20,Arizona,Big 12,8,3,116.611,84.147,32.000,0.727,0.798498745,-0.071,-0.185,275.352,158.741,391,227,142,143,22.246,0.722
21,Tennessee,SEC,7,4,108.850,111.170,22.000,0.636,0.722714037,-0.086,-0.323,341.958,233.108,489,345,143,148,31.486,1.021
22,Florida State,ACC,4,7,106.735,110.971,24.000,0.364,0.748166315,-0.385,-3.046,302.290,195.556,396,264,131,135,32.052,1.040
23,Old Dominion,Sun Belt,9,3,106.683,106.631,26.000,0.750,0.803603397,-0.054,-0.024,247.619,140.936,416,241,168,171,30.813,1.000
24,Penn State,Big Ten,6,6,105.361,229.656,9.000,0.500,0.740435107,-0.240,-1.730,307.634,202.273,403,267,131,132,67.197,2.180
25,Texas A&M,SEC,10,2,100.198,137.624,18.000,0.833,0.763556614,0.070,1.103,267.683,167.485,439,273,164,163,42.344,1.374
26,SMU,ACC,7,4,99.498,55.423,37.000,0.636,0.767908297,-0.132,-0.735,261.589,162.092,395,248,151,153,17.172,0.557
27,Virginia,ACC,10,3,96.314,35.728,54.000,0.769,0.764353739,0.005,0.510,256.548,160.234,431,274,168,171,11.436,0.371
28,Missouri,SEC,7,5,95.164,121.709,20.000,0.583,0.757286766,-0.174,-1.123,260.265,165.101,393,246,151,149,39.428,1.279
29,San Diego State,Mountain West,8,4,94.389,46.872,45.000,0.667,0.806342994,-0.140,-0.810,217.089,122.699,343,200,158,163,15.309,0.497
30,East Carolina,American Athletic,8,4,89.782,48.766,44.000,0.667,0.746412023,-0.080,-0.262,256.024,166.242,425,261,166,157,16.745,0.543
31,Oklahoma,SEC,9,3,86.176,137.897,17.000,0.750,0.786820826,-0.037,0.130,211.801,125.625,341,201,161,160,49.331,1.600
32,Pittsburgh,ACC,7,5,81.455,96.489,27.000,0.583,0.714281414,-0.131,-0.730,265.455,184.000,438,322,165,175,36.519,1.185
33,Texas,SEC,9,3,80.794,128.467,19.000,0.750,0.729625321,0.020,0.652,246.528,165.734,355,237,144,143,49.020,1.590
34,Memphis,American Athletic,7,5,79.320,29.538,56.000,0.583,0.695935081,-0.113,-0.562,281.333,202.013,422,301,150,149,11.480,0.372
35,Michigan,Big Ten,9,3,77.318,110.844,25.000,0.750,0.718813971,0.031,0.751,247.015,169.697,331,224,134,132,44.196,1.434
36,Western Michigan,Mid-American,9,4,70.253,40.659,50.000,0.692,0.723193046,-0.031,0.184,220.253,150.000,348,243,158,162,17.842,0.579
37,UNLV,Mountain West,9,4,67.251,11.019,66.000,0.692,0.649410576,0.043,0.858,307.742,240.491,477,392,155,163,5.051,0.164
38,UConn,FBS Independents,8,4,67.131,-20.032,103.000,0.667,0.654296641,0.012,0.579,298.052,230.921,459,351,154,152,-9.199,-0.298
39,Iowa State,Big 12,7,4,65.909,65.243,35.000,0.636,0.683044811,-0.047,0.040,249.242,183.333,329,242,132,132,30.517,0.990
40,Louisville,ACC,8,4,65.694,91.305,29.000,0.667,0.691022861,-0.024,0.243,238.650,172.956,389,275,163,159,42.847,1.390
41,Ohio,Mid-American,8,4,61.658,41.372,49.000,0.667,0.666952784,0.000,0.463,254.225,192.568,361,285,142,148,20.686,0.671
42,Louisiana Tech,Conference USA,6,5,61.311,0.409,80.000,0.545,0.680066092,-0.135,-0.763,235.461,174.150,332,256,141,147,0.205,0.007
43,Cincinnati,Big 12,6,5,61.148,80.868,33.000,0.545,0.639891632,-0.094,-0.397,297.656,236.508,381,298,128,126,40.771,1.322
44,Clemson,ACC,6,6,59.518,39.963,51.000,0.500,0.676514774,-0.177,-1.146,232.895,173.377,354,267,152,154,20.700,0.671
45,Georgia Tech,ACC,8,4,58.859,50.406,40.000,0.667,0.635921864,0.031,0.747,294.366,235.507,418,325,142,138,26.401,0.856
46,Texas State,Sun Belt,5,6,58.099,15.742,63.000,0.455,0.623328969,-0.169,-1.076,318.382,260.284,433,367,136,141,8.353,0.271
47,Auburn,SEC,4,7,58.068,87.284,31.000,0.364,0.668182941,-0.305,-2.316,237.778,179.710,321,248,135,138,46.340,1.503
48,Duke,ACC,7,5,57.996,49.641,43.000,0.583,0.625145269,-0.042,0.084,313.475,255.479,442,373,141,146,26.387,0.856
49,Navy,American Athletic,9,2,56.957,59.196,36.000,0.818,0.625711674,0.192,2.224,306.557,249.600,374,312,122,125,32.041,1.039
50,Nebraska,Big Ten,6,5,54.375,44.759,46.000,0.545,0.636962102,-0.092,-0.370,270.000,215.625,351,276,130,128,25.377,0.823
51,UTSA,American Athletic,6,6,52.582,53.364,38.000,0.500,0.623873192,-0.124,-0.665,286.957,234.375,462,375,161,160,31.287,1.015
52,Illinois,Big Ten,7,4,52.165,119.132,21.000,0.636,0.627448119,0.009,0.547,277.165,225.000,352,279,127,124,70.404,2.284
53,Houston,Big 12,8,3,51.947,38.516,52.000,0.727,0.64937451,0.078,1.177,237.762,185.816,340,262,143,141,22.858,0.741
54,Fresno State,Mountain West,8,4,51.499,5.717,76.000,0.667,0.667215841,-0.001,0.461,212.025,160.526,335,244,158,152,3.422,0.111
55,Western Kentucky,Conference USA,8,4,50.519,7.818,69.000,0.667,0.648348527,0.018,0.633,232.727,182.209,384,297,165,163,4.771,0.155
56,Boise State,Mountain West,8,5,48.753,67.885,34.000,0.615,0.638086355,-0.023,0.259,240.230,191.477,418,337,174,176,42.927,1.392
57,TCU,Big 12,7,4,45.030,32.381,55.000,0.636,0.61412655,0.022,0.669,265.468,220.438,369,302,139,137,22.169,0.719
58,New Mexico,Mountain West,8,4,42.423,12.465,65.000,0.667,0.604919828,0.062,1.030,270.769,228.346,352,290,130,127,9.058,0.294
59,Hawai'i,Mountain West,8,4,40.742,14.470,64.000,0.667,0.610307101,0.056,0.981,248.026,207.285,377,313,152,151,10.949,0.355
60,Wake Forest,ACC,7,4,38.878,25.676,57.000,0.636,0.627550197,0.009,0.546,206.410,167.532,322,258,156,154,20.360,0.660
61,Northwestern,Big Ten,6,6,37.766,42.369,47.000,0.500,0.610107708,-0.110,-0.540,230.303,192.537,304,258,132,134,34.586,1.122
62,Kansas State,Big 12,5,6,31.453,50.147,42.000,0.455,0.582512479,-0.128,-0.703,252.143,220.690,353,320,140,145,49.151,1.594
63,Tulane,American Athletic,11,3,31.432,41.900,48.000,0.786,0.587031483,0.199,2.281,239.506,208.075,388,335,162,161,41.096,1.333
64,NC State,ACC,7,5,28.225,50.170,41.000,0.583,0.570763097,0.013,0.581,262.000,233.775,393,353,150,151,54.797,1.777
65,LSU,SEC,6,5,27.542,50.794,39.000,0.545,0.598946514,-0.053,-0.023,185.816,158.273,262,220,141,139,56.855,1.844
66,Army,American Athletic,7,5,23.387,18.611,59.000,0.583,0.561079443,0.022,0.669,250.000,226.613,310,281,124,124,24.532,0.796
67,Jacksonville State,Conference USA,8,5,22.223,-2.135,87.000,0.615,0.560753079,0.055,0.965,238.788,216.564,394,353,165,163,-2.962,-0.096
68,Washington State,Pac-12,6,6,19.061,37.984,53.000,0.500,0.562938686,-0.063,-0.109,197.973,178.912,293,263,148,147,61.432,1.993
69,Utah State,Mountain West,5,7,17.470,16.519,62.000,0.417,0.546659884,-0.130,-0.721,242.169,224.699,402,373,166,166,29.150,0.946
70,Southern Miss,Sun Belt,6,6,13.893,0.111,82.000,0.500,0.538468143,-0.038,0.115,232.298,218.405,374,356,161,163,0.247,0.008
71,Miami (OH),Mid-American,6,7,11.943,5.764,75.000,0.462,0.537567018,-0.076,-0.228,204.348,192.405,329,304,161,158,14.878,0.483
72,Arizona State,Big 12,7,4,10.959,18.249,60.000,0.636,0.535162446,0.101,1.390,200.000,189.041,296,276,148,146,51.336,1.665
73,South Carolina,SEC,3,8,10.482,17.295,61.000,0.273,0.534100489,-0.261,-1.921,197.101,186.620,272,265,138,142,50.869,1.650
74,Kansas,Big 12,4,7,10.265,19.181,58.000,0.364,0.525625782,-0.162,-1.014,255.303,245.038,337,321,132,131,57.608,1.869
75,UCF,Big 12,4,7,9.451,10.785,67.000,0.364,0.528528757,-0.165,-1.040,211.594,202.143,292,283,138,140,35.178,1.141
76,Kennesaw State,Conference USA,9,4,8.802,7.785,70.000,0.692,0.525344061,0.167,1.991,221.302,212.500,374,357,169,168,27.266,0.884
77,Marshall,Sun Belt,4,7,8.657,5.927,73.000,0.364,0.52252635,-0.159,-0.985,244.371,235.714,369,363,151,154,21.107,0.685
78,Mississippi State,SEC,4,7,4.303,6.911,71.000,0.364,0.511268049,-0.148,-0.882,240.789,236.486,366,350,152,148,49.511,1.606
79,Buffalo,Mid-American,4,7,3.797,0.102,83.000,0.364,0.513155344,-0.150,-0.900,182.278,178.481,288,282,158,158,0.828,0.027
80,Arkansas,SEC,1,10,2.997,5.909,74.000,0.091,0.50624353,-0.415,-3.327,301.527,298.529,395,406,131,136,60.777,1.971
81,Minnesota,Big Ten,7,5,2.487,3.627,77.000,0.583,0.506846251,0.076,1.165,228.244,225.758,299,298,131,132,44.971,1.459
82,Liberty,Conference USA,3,8,0.459,0.276,81.000,0.273,0.501234603,-0.229,-1.621,232.576,232.117,307,318,132,137,18.545,0.602
83,Air Force,Mountain West,3,8,0.101,0.061,84.000,0.273,0.500205423,-0.227,-1.612,305.983,305.882,358,364,117,119,18.715,0.607
84,Troy,Sun Belt,7,6,-1.238,-0.830,85.000,0.538,0.496014621,0.042,0.854,193.529,194.767,329,335,170,172,20.676,0.671
85,Florida International,Conference USA,6,6,-4.576,-1.171,86.000,0.500,0.487334642,0.013,0.582,223.494,228.070,371,390,166,171,7.891,0.256
86,Central Michigan,Mid-American,6,6,-8.904,-3.899,89.000,0.500,0.472893794,0.027,0.714,200.685,209.589,293,306,146,146,13.500,0.438
87,Baylor,Big 12,4,7,-10.751,-14.623,97.000,0.364,0.474951257,-0.111,-0.551,262.676,273.427,373,391,142,143,41.933,1.360
88,Temple,American Athletic,4,7,-15.236,-17.589,101.000,0.364,0.465128854,-0.101,-0.461,265.079,280.315,334,356,126,127,35.590,1.154
89,Arkansas State,Sun Belt,6,6,-16.840,1.297,78.000,0.500,0.450969975,0.049,0.914,205.660,222.500,327,356,159,160,-2.374,-0.077
90,Florida,SEC,3,8,-17.121,-38.925,108.000,0.273,0.447902544,-0.175,-1.134,196.212,213.333,259,288,132,135,70.089,2.273
91,Maryland,Big Ten,3,8,-17.735,-19.924,102.000,0.273,0.44674107,-0.174,-1.123,198.592,216.327,282,318,142,147,34.635,1.123
92,Delaware,Conference USA,6,6,-18.726,-3.299,88.000,0.500,0.45434702,0.046,0.883,246.405,265.132,377,403,153,152,5.432,0.176
93,California,ACC,6,6,-19.032,-12.021,93.000,0.500,0.447850445,0.052,0.942,217.881,236.913,329,353,151,149,19.473,0.632
94,Missouri State,Conference USA,6,6,-25.523,-13.353,96.000,0.500,0.431978965,0.068,1.087,220.530,246.053,333,374,151,152,16.129,0.523
95,Rutgers,Big Ten,4,7,-32.584,-72.182,117.000,0.364,0.429995919,-0.066,-0.140,273.016,305.600,344,382,126,125,68.293,2.215
96,Louisiana,Sun Belt,5,7,-32.916,-9.422,92.000,0.417,0.415085223,0.002,0.480,223.841,256.757,338,380,151,148,8.825,0.286
97,Bowling Green,Mid-American,3,8,-34.096,-13.230,95.000,0.273,0.388185709,-0.115,-0.589,170.833,204.930,246,291,144,142,11.962,0.388
98,Kentucky,SEC,4,7,-37.344,-74.179,118.000,0.364,0.39257174,-0.029,0.202,195.745,233.088,276,317,141,136,61.238,1.986
99,App State,Sun Belt,4,7,-38.403,-17.377,100.000,0.364,0.395122976,-0.031,0.178,206.803,245.205,304,358,147,146,13.950,0.453
100,Wyoming,Mountain West,3,8,-38.571,-29.599,105.000,0.273,0.349874612,-0.077,-0.239,137.143,175.714,192,246,140,140,23.657,0.767
101,Eastern Michigan,Mid-American,4,7,-41.645,-4.744,90.000,0.364,0.392855436,-0.029,0.199,218.939,260.584,289,357,132,137,3.512,0.114
102,South Alabama,Sun Belt,3,8,-44.001,-15.687,98.000,0.273,0.392485531,-0.120,-0.628,230.435,274.436,318,365,138,133,10.991,0.357
103,Akron,Mid-American,4,7,-44.189,0.602,79.000,0.364,0.36103282,0.003,0.490,172.258,216.447,267,329,155,152,-0.420,-0.014
104,Michigan State,Big Ten,3,8,-45.132,-80.815,119.000,0.273,0.384012284,-0.111,-0.550,216.912,262.044,295,359,136,137,55.203,1.791
105,North Carolina,ACC,3,8,-45.358,-20.093,104.000,0.273,0.362520096,-0.090,-0.354,179.070,224.427,231,294,129,131,13.657,0.443
106,New Mexico State,Conference USA,3,8,-47.059,-13.010,94.000,0.273,0.351323705,-0.079,-0.252,169.281,216.340,259,331,153,153,8.523,0.276
107,Tulsa,American Athletic,3,8,-50.195,-16.874,99.000,0.273,0.356977657,-0.084,-0.304,189.116,239.310,278,347,147,145,10.363,0.336
108,Florida Atlantic,American Athletic,3,8,-59.062,-38.613,107.000,0.273,0.368586625,-0.096,-0.410,245.833,304.895,354,436,144,143,20.155,0.654
109,Middle Tennessee,Conference USA,3,8,-60.528,9.048,68.000,0.273,0.33144169,-0.059,-0.070,186.806,247.333,269,371,144,150,-4.608,-0.149
110,Boston College,ACC,1,10,-61.972,-68.091,114.000,0.091,0.346661949,-0.256,-1.870,214.789,276.761,305,393,142,142,33.873,1.099
111,Northern Illinois,Mid-American,2,9,-66.564,-30.619,106.000,0.182,0.288416688,-0.107,-0.508,152.985,219.549,205,292,134,133,14.181,0.460
112,UTEP,Conference USA,1,10,-69.420,-6.801,91.000,0.091,0.301599645,-0.211,-1.458,173.913,243.333,280,365,161,150,3.020,0.098
113,Georgia Southern,Sun Belt,5,6,-70.137,-61.826,111.000,0.455,0.341534136,0.113,1.498,233.566,303.704,334,410,143,135,27.176,0.882
114,Colorado,Big 12,3,9,-74.194,-96.740,120.000,0.250,0.290747861,-0.041,0.094,173.103,247.297,251,366,145,148,40.197,1.304
115,West Virginia,Big 12,3,8,-76.640,-144.522,127.000,0.273,0.278312171,-0.006,0.415,165.190,241.830,261,370,158,153,58.134,1.886
116,Wisconsin,Big Ten,4,8,-79.144,-233.602,133.000,0.333,0.224366832,0.109,1.461,123.200,202.344,154,259,125,128,90.994,2.952
117,Stanford,ACC,4,8,-86.232,-146.430,128.000,0.333,0.257782993,0.076,1.156,163.768,250.000,226,350,138,140,52.350,1.698
118,Nevada,Mountain West,2,9,-86.861,-63.865,113.000,0.182,0.246366427,-0.065,-0.124,154.015,240.876,211,330,137,137,22.667,0.735
119,Coastal Carolina,Sun Belt,5,6,-89.163,-68.516,115.000,0.455,0.261702695,0.193,2.227,173.418,262.581,274,407,158,155,23.690,0.768
120,Virginia Tech,ACC,2,9,-91.806,-159.019,129.000,0.182,0.274516806,-0.093,-0.381,193.233,285.039,257,362,133,127,53.399,1.732
121,Colorado State,Mountain West,1,10,-93.646,-98.088,121.000,0.091,0.247243293,-0.156,-0.962,166.917,260.563,222,370,133,142,32.291,1.047
122,Oregon State,Pac-12,1,10,-104.046,-143.183,126.000,0.091,0.207033801,-0.116,-0.595,146.309,250.355,218,353,149,141,42.425,1.376
123,Kent State,Mid-American,4,7,-104.735,-103.956,122.000,0.364,0.238375913,0.125,1.610,177.083,281.818,255,403,144,143,30.599,0.993
124,San Jose State,Mountain West,2,9,-106.581,-50.631,109.000,0.182,0.234412886,-0.053,-0.014,176.027,282.609,257,390,146,138,14.645,0.475
125,Rice,American Athletic,4,7,-107.244,-114.303,124.000,0.364,0.242603972,0.121,1.571,185.938,293.182,238,387,128,132,32.858,1.066
126,Ball State,Mid-American,3,8,-114.635,-52.319,110.000,0.273,0.177881526,0.095,1.332,135.714,250.350,190,358,140,143,14.070,0.456
127,Purdue,Big Ten,1,10,-115.822,-332.108,135.000,0.091,0.220048653,-0.129,-0.714,175.781,291.603,225,382,128,131,88.398,2.867
128,UAB,American Athletic,3,8,-121.464,-128.357,125.000,0.273,0.268132592,0.005,0.508,245.736,367.200,317,459,129,125,32.578,1.057
129,Syracuse,ACC,2,9,-123.701,-230.523,132.000,0.182,0.194216786,-0.012,0.353,161.333,285.034,242,419,150,147,57.451,1.864
130,UL Monroe,Sun Belt,2,9,-138.375,-62.761,112.000,0.182,0.151125239,0.031,0.746,139.161,277.536,199,383,143,138,13.983,0.454
131,Georgia State,Sun Belt,0,11,-153.782,-196.244,130.000,0.000,0.166981695,-0.167,-1.059,170.504,324.286,237,454,139,140,39.341,1.276
132,UCLA,Big Ten,3,9,-164.047,-467.000,136.000,0.250,0.164065615,0.086,1.251,178.689,342.735,218,401,122,117,87.761,2.847
133,Sam Houston,Conference USA,2,10,-167.213,-71.573,116.000,0.167,0.129071342,0.038,0.809,145.890,313.103,213,454,146,145,13.196,0.428
134,Oklahoma State,Big 12,0,11,-170.974,-311.354,134.000,0.000,0.097251584,-0.097,-0.422,118.881,289.855,170,400,143,138,56.141,1.821
135,Charlotte,American Athletic,0,11,-187.598,-225.586,131.000,0.000,0.086247788,-0.086,-0.322,119.444,307.042,172,436,144,142,37.071,1.202
136,Massachusetts,Mid-American,0,11,-239.438,-105.911,123.000,0.000,0.043869317,-0.044,0.065,98.519,337.956,133,463,135,137,13.636,0.442
