Rk,Team,Conference,W,L,NetRtg,AdjRtg,AdjRk,Win %,PyW %,Luck,Luck Z,Ortg,DRtg,PF,PA,ODrives,DDrives,SOS,SOSFac1,Indiana,Big Ten,15,0,273.3529111,532.1097709,1,1,0.960973335,0.039026665,0.837410001,378.4090909,105.0561798,666,187,176,178,57.26084701,1.946603637
2,Ohio State,Big Ten,11,2,242.4877489,403.1226325,3,0.846153846,0.960238554,-0.114084708,-0.572119151,336.6906475,94.20289855,468,130,139,138,48.90211212,1.662445358
3,Notre Dame,FBS Independents,10,2,212.7361529,223.7358254,8,0.833333333,0.896458568,-0.063125235,-0.102990952,367.8832117,155.1470588,504,211,137,136,30.93673426,1.051705704
4,Texas Tech,Big 12,11,2,210.1430843,282.3221188,5,0.846153846,0.954604685,-0.108450839,-0.520254276,298.3783784,88.23529412,552,165,185,187,39.51937249,1.34347566
5,Utah,Big 12,10,2,205.5658627,141.488665,17,0.833333333,0.887750477,-0.054417144,-0.022825073,365.3061224,159.7402597,537,246,147,154,20.24654351,0.688288722
6,Oregon,Big Ten,12,2,172.2891566,480.5655222,2,0.857142857,0.860018577,-0.002875719,0.451660519,333.7349398,161.4457831,554,268,166,166,82.04930408,2.789296387
7,North Texas,American Athletic,11,2,155.2719971,99.92614639,24,0.846153846,0.787956879,0.058196967,1.013890024,380.1204819,224.8484848,631,371,166,165,18.93068103,0.643555491
8,Washington,Big Ten,8,4,150.9151502,155.0553084,13,0.666666667,0.825752507,-0.15908584,-0.986395415,325.7352941,174.8201439,443,243,136,139,30.22275401,1.027433682
9,Miami,ACC,12,3,147.2587823,363.3909815,4,0.8,0.866381224,-0.066381224,-0.132965291,279.6610169,132.4022346,495,237,177,179,72.58939512,2.46770329
10,James Madison,Sun Belt,11,2,147.0238095,87.39723635,29,0.846153846,0.843400515,0.002753331,0.503481037,300,152.9761905,519,257,173,168,17.48599161,0.594442741
11,Toledo,Mid-American,7,5,146.7014591,6.775676548,71,0.583333333,0.902288095,-0.318954761,-2.458133933,249.068323,102.3668639,401,173,161,169,1.358621459,0.046186838
12,Vanderbilt,SEC,9,3,143.4737924,146.6302447,15,0.75,0.783175523,-0.033175523,0.172723324,357.1428571,213.6690647,500,297,140,139,30.06292398,1.022000201
13,Ole Miss,SEC,12,2,139.0433387,153.9406577,14,0.857142857,0.8093898,0.047753057,0.91774436,316.5714286,177.5280899,554,316,175,178,32.56742245,1.107141551
14,South Florida,American Athletic,8,4,138.6957792,156.1264243,12,0.666666667,0.804710929,-0.138044262,-0.792688593,320.7317073,182.0359281,526,304,164,167,33.1126094,1.125675383
15,Iowa,Big Ten,8,4,133.9932127,256.1897062,6,0.666666667,0.835708444,-0.169041777,-1.078048853,280.1470588,146.1538462,381,209,136,143,56.24178722,1.911960323
16,Georgia,SEC,11,2,128.2949535,187.268649,11,0.846153846,0.815816046,0.030337801,0.757421115,285.9872611,157.6923077,449,246,157,156,42.93739984,1.459672761
17,USC,Big Ten,9,4,122.0588235,142.6593326,16,0.692307692,0.751005951,-0.058698259,-0.062236621,341.9117647,219.8529412,465,299,136,136,34.38042537,1.168775255
18,BYU,Big 12,11,2,120.4563336,226.9059337,7,0.846153846,0.799082954,0.047070893,0.911464414,283.8709677,163.4146341,440,268,155,164,55.41105901,1.883719411
19,Florida State,ACC,4,7,106.7345208,99.62148161,25,0.363636364,0.748166315,-0.384529951,-3.06181307,302.2900763,195.5555556,396,264,131,135,27.45543503,0.933357651
20,Old Dominion,Sun Belt,9,3,106.6833751,112.6676615,21,0.75,0.803603397,-0.053603397,-0.015333792,247.6190476,140.9356725,416,241,168,171,31.06581639,1.056093899
21,Alabama,SEC,10,4,105.4464286,222.4096373,9,0.714285714,0.768257591,-0.053971877,-0.018725987,276.875,171.4285714,443,288,160,168,62.04431076,2.109219253
22,Penn State,Big Ten,6,6,105.3608605,208.0901264,10,0.5,0.740435107,-0.240435107,-1.735289255,307.6335878,202.2727273,403,267,131,132,58.0968255,1.975023034
23,Arizona,Big 12,8,4,104.9868432,85.53070293,30,0.666666667,0.776093987,-0.109427321,-0.529243678,267.9738562,162.987013,410,251,153,154,23.96444643,0.814680205
24,Tennessee,SEC,7,5,103.5306028,88.08963992,28,0.583333333,0.710992048,-0.127658715,-0.697080205,342.384106,238.8535032,517,375,151,157,25.02858686,0.850856052
25,Texas A&M,SEC,10,2,100.1982643,136.6541907,18,0.833333333,0.763556614,0.069776719,1.120492154,267.6829268,167.4846626,439,273,164,163,40.11834361,1.363837904
26,Virginia,ACC,10,3,96.31370092,39.68339764,49,0.769230769,0.764353739,0.004877031,0.52303162,256.547619,160.2339181,431,274,168,171,12.11995521,0.412022353
27,SMU,ACC,8,4,95.83709726,63.94054062,35,0.666666667,0.760829188,-0.094162522,-0.388717346,258.6419753,162.804878,419,267,162,164,19.62559761,0.667179437
28,Missouri,SEC,7,5,95.16422952,112.6530574,22,0.583333333,0.757286766,-0.173953433,-1.123265103,260.2649007,165.1006711,393,246,151,149,34.82166111,1.183775227
29,San Diego State,Mountain West,8,4,93.02388394,48.71891477,42,0.666666667,0.803868083,-0.137201416,-0.78492943,215.7232704,122.6993865,343,200,159,163,15.40576876,0.523724797
30,East Carolina,American Athletic,8,4,89.78205817,52.41695294,38,0.666666667,0.746412023,-0.079745357,-0.255994257,256.0240964,166.2420382,425,261,166,157,17.17364383,0.583824363
31,Oklahoma,SEC,9,3,86.17624224,118.7683769,20,0.75,0.786820826,-0.036820826,0.139165008,211.8012422,125.625,341,201,161,160,40.54091127,1.378203248
32,Texas,SEC,10,3,84.61538462,118.9540227,19,0.769230769,0.733736347,0.035494422,0.804892495,253.8461538,169.2307692,396,264,156,156,41.35328723,1.405820268
33,Pittsburgh,ACC,7,5,81.45454545,94.84825827,26,0.583333333,0.714281414,-0.130948081,-0.727361807,265.4545455,184,438,322,165,175,34.25265759,1.164431742
34,Memphis,American Athletic,7,5,79.31991051,33.62789687,55,0.583333333,0.695935081,-0.112601748,-0.558467156,281.3333333,202.0134228,422,301,150,149,12.47089805,0.423952784
35,Texas State,Sun Belt,6,6,71.19480519,10.34025219,66,0.5,0.65434614,-0.15434614,-0.942762173,316,244.8051948,474,377,150,154,4.272312999,0.145238858
36,Navy,American Athletic,10,2,70.29251962,74.21709074,33,0.833333333,0.656740993,0.176592341,2.103826895,307.518797,237.2262774,409,325,133,137,31.05811209,1.055831988
37,Western Michigan,Mid-American,9,4,70.25316456,42.64298186,46,0.692307692,0.723193046,-0.030885354,0.193806415,220.2531646,150,348,243,158,162,17.85508456,0.606990192
38,UNLV,Mountain West,9,4,67.25113794,11.54785244,64,0.692307692,0.649410576,0.042897117,0.873041017,307.7419355,240.4907975,477,392,155,163,5.051051843,0.171712372
39,UConn,FBS Independents,8,4,67.13089542,-21.08355151,103,0.666666667,0.654296641,0.012370026,0.592011444,298.0519481,230.9210526,459,351,154,152,-9.238502206,-0.314066294
40,Iowa State,Big 12,7,4,65.90909091,61.94623141,36,0.636363636,0.683044811,-0.046681174,0.048391547,249.2424242,183.3333333,329,242,132,132,27.64711421,0.939873856
41,Louisville,ACC,8,4,65.69433191,90.88062515,27,0.666666667,0.691022861,-0.024356195,0.253913249,238.6503067,172.9559748,389,275,163,159,40.69336866,1.383386093
42,Ohio,Mid-American,8,4,61.65778455,36.10677635,53,0.666666667,0.666952784,-0.000286117,0.475500155,254.2253521,192.5675676,361,285,142,148,17.22586493,0.585599639
43,Louisiana Tech,Conference USA,7,5,59.63407662,-5.746431585,88,0.583333333,0.684999257,-0.101665924,-0.457792971,223.2704403,163.6363636,355,270,159,165,-2.834549066,-0.096361542
44,Clemson,ACC,6,6,59.51811347,41.76479446,47,0.5,0.676514774,-0.176514774,-1.146844568,232.8947368,173.3766234,354,267,152,154,20.64150832,0.701715697
45,Michigan,Big Ten,9,4,59.50963719,81.68492312,31,0.692307692,0.668289682,0.02401801,0.69924171,243.537415,184.0277778,358,265,147,144,40.37707361,1.372633526
46,Georgia Tech,ACC,8,4,58.85895081,49.6920169,41,0.666666667,0.635921864,0.030744803,0.761167943,294.3661972,235.5072464,418,325,142,138,24.83443851,0.844255907
47,Auburn,SEC,4,7,58.06763285,78.00002882,32,0.363636364,0.668182941,-0.304546577,-2.325493521,237.7777778,179.7101449,321,248,135,138,39.51307952,1.343261728
48,Duke,ACC,8,5,54.35578914,46.1725012,45,0.615384615,0.618107866,-0.002723251,0.453064128,310.2564103,255.9006211,484,412,156,161,24.98721384,0.849449561
49,UTSA,American Athletic,6,6,52.58152174,57.45527246,37,0.5,0.623873192,-0.123873192,-0.662231034,286.9565217,234.375,462,375,161,160,32.14230185,1.092689419
50,Fresno State,Mountain West,8,4,51.49900067,6.540959642,72,0.666666667,0.667215841,-0.000549175,0.473078475,212.0253165,160.5263158,335,244,158,152,3.736137967,0.12701139
51,Western Kentucky,Conference USA,8,4,50.51868377,8.257876514,69,0.666666667,0.648348527,0.018318139,0.646769224,232.7272727,182.208589,384,297,165,163,4.808355785,0.16346183
52,Boise State,Mountain West,8,5,48.75261233,70.82084228,34,0.615384615,0.638086355,-0.02270174,0.269144005,240.2298851,191.4772727,418,337,174,176,42.7310371,1.452657384
53,Illinois,Big Ten,8,4,48.30659537,105.5679529,23,0.666666667,0.615809643,0.050857023,0.946319184,280.8823529,232.5757576,382,307,136,132,64.28444637,2.18537349
54,Houston,Big 12,9,3,44.30769231,25.86964348,57,0.75,0.623599209,0.126400791,1.641768128,242.3076923,198,378,297,156,150,17.17479452,0.583863481
55,Wake Forest,ACC,8,4,43.87254902,27.66757875,56,0.666666667,0.63909808,0.027568587,0.731927988,214.7058824,170.8333333,365,287,170,168,18.55062407,0.630635315
56,New Mexico,Mountain West,8,4,42.42277408,10.93670606,65,0.666666667,0.604919828,0.061746839,1.046569818,270.7692308,228.3464567,352,290,130,127,7.583465463,0.257802708
57,TCU,Big 12,8,4,41.9411133,36.58490389,52,0.666666667,0.606372692,0.060293975,1.033194885,264.2384106,222.2972973,399,329,151,148,25.65914622,0.87229215
58,Hawai'i,Mountain West,8,4,40.74154758,13.3498858,62,0.666666667,0.610307101,0.056359566,0.996975084,248.0263158,207.2847682,377,313,152,151,9.63874002,0.327672526
59,Cincinnati,Big 12,6,6,38.362878,52.37203994,39,0.5,0.590580901,-0.090580901,-0.355745276,281.4285714,243.0656934,394,333,140,137,40.15767376,1.365174947
60,Northwestern,Big Ten,6,6,37.76571687,34.18140701,54,0.5,0.610107708,-0.110107708,-0.535507257,230.3030303,192.5373134,304,258,132,134,26.62394701,0.905090909
61,Nebraska,Big Ten,6,6,32.460229,37.17905719,51,0.5,0.581701162,-0.081701162,-0.273999223,262.6760563,230.2158273,373,320,142,139,33.69201851,1.145372609
62,Kansas State,Big 12,5,6,31.45320197,47.37483883,43,0.454545455,0.582512479,-0.127967024,-0.699918471,252.1428571,220.6896552,353,320,140,145,44.30605877,1.506200827
63,Tulane,American Athletic,11,3,31.43163868,39.74906838,48,0.785714286,0.587031483,0.198682802,2.307189644,239.5061728,208.0745342,388,335,162,161,37.1997626,1.264619665
64,LSU,SEC,6,6,28.26315789,46.45164752,44,0.5,0.595089185,-0.095089185,-0.397248123,198,169.7368421,297,258,150,152,48.34601413,1.643540601
65,NC State,ACC,7,5,28.22516556,50.7350418,40,0.583333333,0.570763097,0.012570236,0.59385456,262,233.7748344,393,353,150,151,52.8751682,1.797510866
66,Army,American Athletic,7,5,23.38709677,20.37488976,58,0.583333333,0.561079443,0.022253891,0.683001388,250,226.6129032,310,281,124,124,25.627084,0.871202183
67,Jacksonville State,Conference USA,8,5,22.22346161,-1.966396184,85,0.615384615,0.560753079,0.054631536,0.981066999,238.7878788,216.5644172,394,353,165,163,-2.602792538,-0.088482893
68,Washington State,Pac-12,6,6,19.06140835,38.44220169,50,0.5,0.562938686,-0.062938686,-0.101273602,197.972973,178.9115646,293,263,148,147,59.32442059,2.016755582
69,Utah State,Mountain West,5,7,17.46987952,16.1101613,60,0.416666667,0.546659884,-0.129993217,-0.718571419,242.1686747,224.6987952,402,373,166,166,27.1262785,0.922167853
70,Southern Miss,Sun Belt,6,6,13.89322867,0.528474721,79,0.5,0.538468143,-0.038468143,0.123999955,232.2981366,218.404908,374,356,161,163,1.118925759,0.038038294
71,Miami (OH),Mid-American,6,7,11.9427628,6.040562122,74,0.461538462,0.537567018,-0.076028556,-0.221777737,204.3478261,192.4050633,329,304,161,158,14.878282,0.50579269
72,South Carolina,SEC,3,8,10.48173097,15.67800934,61,0.272727273,0.534100489,-0.261373216,-1.928043546,197.1014493,186.6197183,272,265,138,142,43.99852809,1.495746208
73,Kansas,Big 12,4,7,10.26486236,17.98433602,59,0.363636364,0.525625782,-0.161989419,-1.013125492,255.3030303,245.0381679,337,321,132,131,51.53728254,1.752028949
74,UCF,Big 12,4,7,9.451345756,9.541918556,67,0.363636364,0.528528757,-0.164892393,-1.039850007,211.5942029,202.1428571,292,283,138,140,29.69766416,1.009583059
75,Kennesaw State,Conference USA,9,4,8.801775148,8.156719105,70,0.692307692,0.525344061,0.166963631,2.015185885,221.3017751,212.5,374,357,169,168,27.25997633,0.92671296
76,Marshall,Sun Belt,4,7,8.656575213,6.083673965,73,0.363636364,0.52252635,-0.158889986,-0.984592407,244.3708609,235.7142857,369,363,151,154,20.67283613,0.702780697
77,Arizona State,Big 12,7,5,8.005944442,12.39221241,63,0.583333333,0.524812921,0.058520412,1.01686763,205.5214724,197.515528,335,318,163,161,45.5319777,1.547876394
78,Buffalo,Mid-American,4,7,3.797468354,0.106872611,81,0.363636364,0.513155344,-0.14951898,-0.898323789,182.278481,178.4810127,288,282,158,158,0.827851602,0.028143121
79,Arkansas,SEC,1,10,2.997305793,5.858963002,75,0.090909091,0.50624353,-0.415334439,-3.345396343,301.5267176,298.5294118,395,406,131,136,57.50027742,1.954743162
80,Minnesota,Big Ten,7,5,2.486699052,3.074153051,76,0.583333333,0.506846251,0.076487082,1.182267138,228.2442748,225.7575758,299,298,131,132,36.3649081,1.236238478
81,Liberty,Conference USA,3,8,0.458969255,0.292363723,80,0.272727273,0.501234603,-0.22850733,-1.625483236,232.5757576,232.1167883,307,318,132,137,18.73786593,0.637000671
82,Air Force,Mountain West,3,8,0.100553042,0.067696889,82,0.272727273,0.500205423,-0.22747815,-1.616008706,305.982906,305.8823529,358,364,117,119,19.80403721,0.673245557
83,Troy,Sun Belt,7,6,-1.238030096,-0.90245829,83,0.538461538,0.496014621,0.042446917,0.868896525,193.5294118,194.7674419,329,335,170,172,21.44253728,0.728946972
84,Florida International,Conference USA,6,6,-4.576199535,-1.227575919,84,0.5,0.487334642,0.012665358,0.59473024,223.4939759,228.0701754,371,390,166,171,7.890847413,0.268252271
85,Mississippi State,SEC,4,8,-4.640785364,-6.791734127,90,0.333333333,0.487930283,-0.154596949,-0.945071103,237.9518072,242.5925926,395,393,166,162,43.04963079,1.463488094
86,Central Michigan,Mid-American,6,6,-8.904109589,-3.663041285,86,0.5,0.472893794,0.027106206,0.727671356,200.6849315,209.5890411,293,306,146,146,12.10128682,0.411387714
87,Baylor,Big 12,4,7,-10.75051709,-14.25589752,97,0.363636364,0.474951257,-0.111314894,-0.546620498,262.6760563,273.4265734,373,391,142,143,39.00726028,1.326066216
88,Temple,American Athletic,4,7,-15.23559555,-19.0520512,101,0.363636364,0.465128854,-0.101492491,-0.456196363,265.0793651,280.3149606,334,356,126,127,36.78430392,1.250495994
89,Arkansas State,Sun Belt,6,6,-16.83962264,0.775429923,78,0.5,0.450969975,0.049030025,0.929500005,205.6603774,222.5,327,356,159,160,-1.354535645,-0.046047939
90,Florida,SEC,3,8,-17.12121212,-36.23507541,107,0.272727273,0.447902544,-0.175175272,-1.134513238,196.2121212,213.3333333,259,288,132,135,62.25509484,2.116384936
91,Maryland,Big Ten,3,8,-17.73498132,-18.84555656,100,0.272727273,0.44674107,-0.174013797,-1.123820807,198.5915493,216.3265306,282,318,142,147,31.25780446,1.062620604
92,Delaware,Conference USA,6,6,-18.72635019,-3.768213224,87,0.5,0.45434702,0.04565298,0.898411239,246.4052288,265.1315789,377,403,153,152,5.919193893,0.201225182
93,California,ACC,6,6,-19.03195698,-12.56004568,95,0.5,0.447850445,0.052149555,0.958218107,217.8807947,236.9127517,329,353,151,149,19.41279234,0.659945044
94,Missouri State,Conference USA,6,6,-25.52283025,-13.00512653,96,0.5,0.431978965,0.068021035,1.104329493,220.5298013,246.0526316,333,374,151,152,14.98876971,0.509548761
95,Rutgers,Big Ten,4,7,-32.58412698,-66.50121846,113,0.363636364,0.429995919,-0.066359555,-0.132765809,273.015873,305.6,344,382,126,125,60.03489434,2.0409084
96,Louisiana,Sun Belt,5,7,-32.91569715,-10.79522543,92,0.416666667,0.415085223,0.001581444,0.492692751,223.8410596,256.7567568,338,380,151,148,9.647369117,0.327965875
97,Bowling Green,Mid-American,3,8,-34.09624413,-12.37249344,93,0.272727273,0.388185709,-0.115458436,-0.584765571,170.8333333,204.9295775,246,291,144,142,10.67409165,0.362869687
98,Kentucky,SEC,4,7,-37.34355444,-68.59469394,115,0.363636364,0.39257174,-0.028935376,0.211757729,195.7446809,233.0882353,276,317,141,136,54.03250564,1.83685498
99,Wyoming,Mountain West,3,8,-38.57142857,-31.36252961,106,0.272727273,0.349874612,-0.077147339,-0.232077151,137.1428571,175.7142857,192,246,140,140,23.91804054,0.81310262
100,Eastern Michigan,Mid-American,4,7,-41.64454767,-6.154562489,89,0.363636364,0.392855436,-0.029219073,0.209146043,218.9393939,260.5839416,289,357,132,137,4.347296623,0.147787954
101,South Alabama,Sun Belt,3,8,-44.00130762,-18.54796188,99,0.272727273,0.392485531,-0.119758258,-0.624349333,230.4347826,274.4360902,318,365,138,133,12.39969062,0.421532061
102,Akron,Mid-American,4,7,-44.1893039,2.464700666,77,0.363636364,0.36103282,0.002603543,0.502102104,172.2580645,216.4473684,267,329,155,152,-1.640692752,-0.055775956
103,Michigan State,Big Ten,3,8,-45.13203091,-77.53674532,118,0.272727273,0.384012284,-0.111285011,-0.546345404,216.9117647,262.0437956,295,359,136,137,50.53624015,1.717998143
104,North Carolina,ACC,3,8,-45.35771347,-21.53909651,104,0.272727273,0.362520096,-0.089792823,-0.348490304,179.0697674,224.4274809,231,294,129,131,13.96871853,0.474871744
105,App State,Sun Belt,4,8,-46.79487179,-18.14056958,98,0.333333333,0.372249313,-0.038915979,0.119877216,201.2820513,248.0769231,314,387,156,156,11.40336157,0.387661487
106,New Mexico State,Conference USA,3,8,-47.05882353,-12.53950632,94,0.272727273,0.351323705,-0.078596432,-0.245417363,169.2810458,216.3398693,259,331,153,153,7.838259014,0.266464509
107,Tulsa,American Athletic,3,8,-50.19469857,-19.5417294,102,0.272727273,0.356977657,-0.084250384,-0.297467128,189.1156463,239.3103448,278,347,147,145,11.4521066,0.389318593
108,Georgia Southern,Sun Belt,6,6,-54.41176471,-41.93125026,108,0.5,0.373743278,0.126256722,1.640441842,237.254902,291.6666667,363,420,153,144,22.66862812,0.770628383
109,Florida Atlantic,American Athletic,3,8,-59.06177156,-42.63655968,109,0.272727273,0.368586625,-0.095859353,-0.404338216,245.8333333,304.8951049,354,436,144,143,21.23517882,0.721897745
110,Middle Tennessee,Conference USA,3,8,-60.52777778,9.482743242,68,0.272727273,0.33144169,-0.058714417,-0.062385374,186.8055556,247.3333333,269,371,144,150,-4.608499022,-0.156667626
111,Boston College,ACC,1,10,-61.97183099,-71.47176422,116,0.090909091,0.346661949,-0.255752858,-1.876303055,214.7887324,276.7605634,305,393,142,142,33.92504342,1.153294377
112,Northern Illinois,Mid-American,2,9,-66.56379755,-31.26224808,105,0.181818182,0.288416688,-0.106598506,-0.50320187,152.9850746,219.5488722,205,292,134,133,13.81536462,0.469658421
113,UTEP,Conference USA,1,10,-69.42028986,-8.380524137,91,0.090909091,0.301599645,-0.210690554,-1.461463646,173.9130435,243.3333333,280,365,161,150,3.55111712,0.120721538
114,Colorado,Big 12,3,9,-74.19384902,-97.47985186,121,0.25,0.290747861,-0.040747861,0.103013087,173.1034483,247.2972973,251,366,145,148,38.64801527,1.313853549
115,West Virginia,Big 12,3,8,-76.64019194,-140.7267871,127,0.272727273,0.278312171,-0.005584898,0.426720069,165.1898734,241.8300654,261,370,158,153,54.01326449,1.83620087
116,Wisconsin,Big Ten,4,8,-79.14375,-213.1095915,131,0.333333333,0.224366832,0.108966501,1.481269668,123.2,202.34375,154,259,125,128,79.20755543,2.692690093
117,Coastal Carolina,Sun Belt,5,7,-84.91854966,-71.97578921,117,0.416666667,0.26017815,0.156488516,1.918752945,163.6363636,248.5549133,288,430,176,173,24.9324011,0.847586181
118,Stanford,ACC,4,8,-86.23188406,-146.9604246,128,0.333333333,0.257782993,0.07555034,1.173643578,163.7681159,250,226,350,138,140,50.13173793,1.704246941
119,Nevada,Mountain West,2,9,-86.86131387,-66.6878223,114,0.181818182,0.246366427,-0.064548245,-0.116091057,154.0145985,240.8759124,211,330,137,137,22.58397472,0.767750559
120,Virginia Tech,ACC,2,9,-91.80628737,-153.3302449,129,0.181818182,0.274516806,-0.092698625,-0.375240847,193.2330827,285.0393701,257,362,133,127,49.12874181,1.670149718
121,Colorado State,Mountain West,1,10,-93.64608705,-102.5361283,122,0.090909091,0.247243293,-0.156334202,-0.961064088,166.9172932,260.5633803,222,370,133,142,32.2082788,1.09493233
122,Oregon State,Pac-12,1,10,-104.0458851,-120.4826736,124,0.090909091,0.207033801,-0.11612471,-0.590899228,146.3087248,250.3546099,218,353,149,141,34.06276707,1.157976344
123,Kent State,Mid-American,4,7,-104.7348485,-95.49529085,120,0.363636364,0.238375913,0.125260451,1.631270259,177.0833333,281.8181818,255,403,144,143,26.8207541,0.911781439
124,San José State,Mountain West,2,9,-106.5812984,-54.24309648,110,0.181818182,0.234412886,-0.052594704,-0.006047863,176.0273973,282.6086957,257,390,146,138,14.97075504,0.508936345
125,Ball State,Mid-American,3,8,-114.6353646,-54.83174423,111,0.272727273,0.177881526,0.094845746,1.351275302,135.7142857,250.3496503,190,358,140,143,14.06998654,0.478314388
126,Purdue,Big Ten,1,10,-115.8218034,-319.1270983,135,0.090909091,0.220048653,-0.129139563,-0.710712753,175.78125,291.6030534,225,382,128,131,81.05010801,2.755328348
127,Rice,American Athletic,4,8,-117.2641601,-134.7478322,125,0.333333333,0.218040982,0.115292351,1.539504856,175.8865248,293.1506849,248,428,141,146,33.80155867,1.149096468
128,UAB,American Athletic,3,8,-121.4635659,-136.087146,126,0.272727273,0.268132592,0.004594681,0.520432335,245.7364341,367.2,317,459,129,125,32.95727659,1.120394787
129,Syracuse,ACC,2,9,-123.7006803,-227.8803997,133,0.181818182,0.194216786,-0.012398604,0.363993722,161.3333333,285.0340136,242,419,150,147,54.18949729,1.842191969
130,UL Monroe,Sun Belt,2,9,-138.3753927,-59.98309926,112,0.181818182,0.151125239,0.030692943,0.760690524,139.1608392,277.5362319,199,383,143,138,12.75117695,0.433480969
131,Georgia State,Sun Belt,0,11,-153.7821172,-185.2411518,130,0,0.166981695,-0.166981695,-1.059083931,170.5035971,324.2857143,237,454,139,140,35.4333223,1.204568875
132,UCLA,Big Ten,3,9,-164.0465181,-455.6450755,136,0.25,0.164065615,0.085934385,1.269238136,178.6885246,342.7350427,218,401,122,117,81.70335705,2.777535791
133,Sam Houston,Conference USA,2,10,-167.2130373,-77.776413,119,0.166666667,0.129071342,0.037595325,0.824233215,145.890411,313.1034483,213,454,146,145,13.68226544,0.465133666
134,Oklahoma State,Big 12,0,11,-170.9739536,-260.8692387,134,0,0.097251584,-0.097251584,-0.417154967,118.8811189,289.8550725,170,400,143,138,44.88209843,1.525783508
135,Charlotte,American Athletic,0,11,-187.5978091,-222.8008009,132,0,0.086247788,-0.086247788,-0.315855041,119.4444444,307.0422535,172,436,144,142,34.93568178,1.187651401
136,Massachusetts,Mid-American,0,11,-239.4376859,-111.3048601,123,0,0.043869317,-0.043869317,0.074277244,98.51851852,337.9562044,133,463,135,137,13.67419784,0.464859405

