Season,Week,Rk,Team,Conference,W,L,NetRtg,AdjRtg,AdjRk,Win %,PyW %,Luck,Luck Z,Ortg,DRtg,PF,PA,ODrives,DDrives,SOS,SOS rank
2026,1,1,Texas,SEC,1,0,591.919,162.626,4,1.000,0.878,0.122,0.441,655.556,63.636,59,7,9,11,-162.626,93
2026,1,2,South Carolina,SEC,1,0,570.000,140.000,5,1.000,0.895,0.105,0.380,570.000,0.000,57,0,10,10,-140.000,92
2026,1,3,Oklahoma,SEC,1,0,463.636,127.273,12,1.000,0.882,0.118,0.428,463.636,0.000,51,0,11,13,-127.273,85
2026,1,4,Ohio State,Big Ten,1,0,443.590,117.628,15,1.000,0.854,0.146,0.529,466.667,23.077,56,3,12,13,-117.628,82
2026,1,5,Florida,SEC,1,0,425.000,135.227,8,1.000,0.793,0.207,0.751,600.000,175.000,66,21,11,12,-135.227,89
2026,1,6,Indiana,Big Ten,1,0,417.778,164.444,3,1.000,0.832,0.168,0.608,577.778,160.000,52,16,9,10,-164.444,94
2026,1,7,Texas A&M,SEC,1,0,416.667,116.667,18,1.000,0.869,0.131,0.475,416.667,0.000,50,0,12,11,-116.667,80
2026,1,8,Mississippi State,SEC,1,0,376.923,107.692,22,1.000,0.791,0.209,0.757,476.923,100.000,62,13,13,13,-107.692,75
2026,1,9,Penn State,Big Ten,1,0,375.000,116.667,19,1.000,0.869,0.131,0.475,375.000,0.000,45,0,12,12,-116.667,79
2026,1,9,Pittsburgh,ACC,1,0,375.000,116.667,17,1.000,0.796,0.204,0.740,491.667,116.667,59,14,12,12,-116.667,78
2026,1,11,Miami,ACC,1,0,354.545,216.912,1,1.000,0.996,0.004,0.014,409.091,54.545,45,6,11,11,-37.633,61
2026,1,12,Alabama,SEC,1,0,353.030,131.061,11,1.000,0.834,0.166,0.603,436.364,83.333,48,10,11,12,-131.061,86
2026,1,13,LSU,SEC,1,0,348.077,119.872,13,1.000,0.823,0.177,0.643,425.000,76.923,51,10,12,13,-119.872,84
2026,1,14,New Mexico,Mountain West,1,0,310.000,140.000,6,1.000,0.852,0.148,0.536,380.000,70.000,38,7,10,10,-140.000,91
2026,1,15,Iowa,Big Ten,1,0,307.692,107.692,21,1.000,0.857,0.143,0.519,307.692,0.000,40,0,13,15,-107.692,76
2026,1,16,Nevada,Mountain West,1,0,291.667,116.667,16,1.000,0.796,0.204,0.740,408.333,116.667,49,14,12,12,-116.667,81
2026,1,17,Notre Dame,FBS Independents,1,0,280.000,140.000,6,1.000,0.820,0.180,0.653,410.000,130.000,41,13,10,10,-140.000,90
2026,1,18,USC,Big Ten,2,0,275.000,173.346,2,1.000,0.797,0.203,0.735,405.000,130.000,81,26,20,20,-46.654,63
2026,1,19,Nebraska,Big Ten,1,0,270.455,135.227,9,1.000,0.793,0.207,0.751,445.455,175.000,49,21,11,12,-135.227,88
2026,1,20,North Dakota State,Mountain West,1,0,266.364,133.182,10,1.000,0.848,0.152,0.552,330.000,63.636,33,7,10,11,-133.182,87
2026,1,21,Illinois,Big Ten,1,0,237.500,118.750,14,1.000,0.728,0.272,0.987,525.000,287.500,42,23,8,8,-118.750,83
2026,1,22,Virginia,ACC,1,0,216.667,108.333,20,1.000,0.812,0.188,0.682,283.333,66.667,34,8,12,12,-108.333,77
2026,1,23,Colorado State,Pac-12,1,0,200.000,100.000,24,1.000,0.769,0.231,0.838,318.182,118.182,35,13,11,11,-100.000,73
2026,1,24,Wake Forest,ACC,1,0,200.000,100.000,23,1.000,0.755,0.245,0.887,345.455,145.455,38,16,11,11,-100.000,73
2026,1,25,UCLA,Big Ten,1,0,150.000,75.000,26,1.000,0.698,0.302,1.095,321.429,171.429,45,24,14,14,-75.000,72
2026,1,26,Cincinnati,Big 12,1,0,146.970,73.485,27,1.000,0.709,0.291,1.052,283.333,136.364,34,15,12,11,-73.485,71
2026,1,27,Houston,Big 12,1,0,133.333,66.667,28,1.000,0.682,0.318,1.150,300.000,166.667,33,20,11,12,-66.667,70
2026,1,28,Massachusetts,Mid-American,1,0,133.333,66.667,29,1.000,0.679,0.321,1.162,308.333,175.000,37,21,12,12,-66.667,69
2026,1,29,South Florida,American Athletic,1,0,121.111,60.556,30,1.000,0.702,0.298,1.079,211.111,90.000,19,9,9,10,-60.556,68
2026,1,30,Tulsa,American Athletic,1,0,116.667,58.333,31,1.000,0.700,0.300,1.087,200.000,83.333,24,10,12,12,-58.333,67
2026,1,31,Washington,Big Ten,1,0,109.091,54.545,32,1.000,0.686,0.314,1.137,200.000,90.909,24,10,12,11,-54.545,66
2026,1,32,Memphis,American Athletic,2,0,107.500,54.525,33,1.000,0.624,0.376,1.361,287.500,180.000,69,45,24,25,-52.206,64
2026,1,33,Duke,ACC,1,0,105.769,52.885,34,1.000,0.720,0.280,1.016,130.769,25.000,17,3,13,12,-52.885,65
2026,1,34,James Madison,Sun Belt,1,0,77.778,38.889,36,1.000,0.623,0.377,1.366,222.222,144.444,20,13,9,9,-38.889,62
2026,1,35,Michigan State,Big Ten,1,0,72.727,36.364,37,1.000,0.602,0.398,1.443,272.727,200.000,30,20,11,10,-36.364,59
2026,1,36,Florida State,ACC,1,1,54.113,41.515,35,0.500,0.587,-0.087,-0.313,263.636,209.524,58,44,22,21,-20.758,53
2026,1,37,Oregon,Big Ten,1,0,53.846,26.923,38,1.000,0.576,0.424,1.535,261.538,207.692,34,27,13,13,-26.923,57
2026,1,38,North Carolina,ACC,1,0,50.000,25.000,39,1.000,0.593,0.407,1.472,150.000,100.000,15,10,10,10,-25.000,56
2026,1,39,SMU,ACC,1,0,45.455,86.970,25,1.000,0.845,0.155,0.561,245.455,200.000,27,24,11,12,41.515,35
2026,1,40,Ole Miss,SEC,1,0,43.956,21.978,40,1.000,0.555,0.445,1.612,315.385,271.429,41,38,13,14,-21.978,54
2026,1,41,West Virginia,Big 12,1,0,36.813,18.407,41,1.000,0.556,0.444,1.607,221.429,184.615,31,24,14,13,-18.407,52
2026,1,42,UNLV,Mountain West,1,1,24.522,-8.937,50,0.500,0.457,0.043,0.157,168.000,143.478,42,33,25,23,-37.433,60
2026,1,43,Eastern Michigan,Mid-American,1,1,23.276,-5.404,49,0.500,0.477,0.023,0.086,175.000,151.724,49,44,28,29,-30.644,58
2026,1,44,Colorado,Big 12,1,0,21.818,10.909,43,1.000,0.541,0.459,1.663,140.000,118.182,14,13,10,11,-10.909,51
2026,1,45,Michigan,Big Ten,1,0,20.909,10.455,44,1.000,0.540,0.460,1.665,130.000,109.091,13,12,10,11,-10.455,50
2026,1,46,Troy,Sun Belt,1,0,9.615,4.808,45,1.000,0.516,0.484,1.754,184.615,175.000,24,21,13,12,-4.808,48
2026,1,47,Auburn,SEC,1,0,7.692,3.846,46,1.000,0.514,0.486,1.758,130.769,123.077,17,16,13,13,-3.846,47
2026,1,48,Baylor,Big 12,0,1,-7.692,-3.846,47,0.000,0.486,-0.486,-1.755,123.077,130.769,16,17,13,13,3.846,46
2026,1,49,Sam Houston,Conference USA,0,1,-9.615,-4.808,48,0.000,0.484,-0.484,-1.751,175.000,184.615,21,24,12,13,4.808,45
2026,1,50,Western Michigan,Mid-American,0,1,-20.909,-10.455,51,0.000,0.460,-0.460,-1.662,109.091,130.000,12,13,11,10,10.455,44
2026,1,51,Georgia Tech,ACC,0,1,-21.818,-10.909,52,0.000,0.459,-0.459,-1.660,118.182,140.000,13,14,11,10,10.909,43
2026,1,52,Coastal Carolina,Sun Belt,0,1,-36.813,-18.407,53,0.000,0.444,-0.444,-1.605,184.615,221.429,24,31,13,14,18.407,42
2026,1,53,Louisville,ACC,0,1,-43.956,-21.978,54,0.000,0.445,-0.445,-1.609,271.429,315.385,38,41,14,13,21.978,41
2026,1,54,TCU,Big 12,0,1,-50.000,-25.000,55,0.000,0.407,-0.407,-1.469,100.000,150.000,10,15,10,10,25.000,40
2026,1,55,Boise State,Pac-12,0,1,-53.846,-26.923,56,0.000,0.424,-0.424,-1.533,207.692,261.538,27,34,13,13,26.923,39
2026,1,56,San José State,Mountain West,1,1,-58.654,13.346,42,0.500,0.538,-0.038,-0.135,203.846,262.500,53,63,26,24,83.971,24
2026,1,57,Sacramento State,Mid-American,0,1,-69.231,-74.635,67,0.000,0.304,-0.304,-1.099,130.769,200.000,17,28,13,14,-5.404,49
2026,1,58,Toledo,Mid-American,0,1,-72.727,-36.364,57,0.000,0.398,-0.398,-1.440,200.000,272.727,20,30,10,11,36.364,38
2026,1,59,Liberty,Conference USA,0,1,-77.778,-38.889,59,0.000,0.377,-0.377,-1.363,144.444,222.222,13,20,9,9,38.889,37
2026,1,60,Hawai'i,Mountain West,0,2,-100.000,-129.391,85,0.000,0.146,-0.146,-0.529,132.000,232.000,33,58,25,25,-23.285,55
2026,1,61,Tulane,American Athletic,0,1,-105.769,-52.885,60,0.000,0.280,-0.280,-1.013,25.000,130.769,3,17,12,13,52.885,33
2026,1,62,Stanford,ACC,1,1,-108.833,-37.633,58,0.500,0.408,0.092,0.334,179.167,288.000,43,72,24,25,43.760,34
2026,1,63,Washington State,Pac-12,0,1,-109.091,-54.545,61,0.000,0.314,-0.314,-1.134,90.909,200.000,10,24,11,12,54.545,31
2026,1,64,Oklahoma State,Big 12,0,1,-116.667,-58.333,62,0.000,0.300,-0.300,-1.084,83.333,200.000,10,24,12,12,58.333,30
2026,1,65,Florida International,Conference USA,0,1,-121.111,-60.556,63,0.000,0.298,-0.298,-1.076,90.000,211.111,9,19,10,9,60.556,29
2026,1,66,Rutgers,Big Ten,0,1,-133.333,-66.667,64,0.000,0.321,-0.321,-1.159,175.000,308.333,21,37,12,12,66.667,28
2026,1,67,Oregon State,Pac-12,0,1,-133.333,-66.667,65,0.000,0.318,-0.318,-1.148,166.667,300.000,20,33,12,11,66.667,27
2026,1,68,Boston College,ACC,0,1,-146.970,-73.485,66,0.000,0.291,-0.291,-1.050,136.364,283.333,15,34,11,12,73.485,26
2026,1,69,Arkansas State,Sun Belt,0,1,-150.000,-95.475,69,0.000,0.241,-0.241,-0.869,200.000,350.000,24,42,12,12,54.525,32
2026,1,70,California,ACC,0,1,-150.000,-75.000,68,0.000,0.302,-0.302,-1.092,171.429,321.429,24,45,14,14,75.000,25
2026,1,71,New Mexico State,Conference USA,0,1,-170.000,-128.485,84,0.000,0.114,-0.114,-0.410,170.000,340.000,17,34,10,10,41.515,35
2026,1,72,Akron,Mid-American,0,1,-200.000,-100.000,70,0.000,0.245,-0.245,-0.884,145.455,345.455,16,38,11,11,100.000,22
2026,1,73,Wyoming,Mountain West,0,1,-200.000,-100.000,70,0.000,0.231,-0.231,-0.835,118.182,318.182,13,35,11,11,100.000,23
2026,1,74,NC State,ACC,0,1,-216.667,-108.333,75,0.000,0.188,-0.188,-0.679,66.667,283.333,8,34,12,12,108.333,19
2026,1,75,UAB,American Athletic,0,1,-237.500,-118.750,81,0.000,0.272,-0.272,-0.984,287.500,525.000,23,42,8,8,118.750,13
2026,1,76,Jacksonville State,Conference USA,0,1,-266.364,-133.182,87,0.000,0.152,-0.152,-0.549,63.636,330.000,7,33,11,10,133.182,9
2026,1,77,Ohio,Mid-American,0,1,-270.455,-135.227,88,0.000,0.207,-0.207,-0.749,175.000,445.455,21,49,12,11,135.227,8
2026,1,78,Wisconsin,Big Ten,0,1,-280.000,-140.000,90,0.000,0.180,-0.180,-0.650,130.000,410.000,13,41,10,10,140.000,5
2026,1,79,Western Kentucky,Conference USA,0,1,-291.667,-116.667,79,0.000,0.204,-0.204,-0.737,116.667,408.333,14,49,12,12,116.667,15
2026,1,80,Northern Illinois,Mountain West,0,1,-307.692,-107.692,74,0.000,0.143,-0.143,-0.517,0.000,307.692,0,40,15,13,107.692,20
2026,1,81,Central Michigan,Mid-American,0,1,-310.000,-140.000,91,0.000,0.148,-0.148,-0.534,70.000,380.000,7,38,10,10,140.000,5
2026,1,82,Clemson,ACC,0,1,-348.077,-119.872,82,0.000,0.177,-0.177,-0.640,76.923,425.000,10,51,13,12,119.872,12
2026,1,83,East Carolina,American Athletic,0,1,-353.030,-131.061,86,0.000,0.166,-0.166,-0.600,83.333,436.364,10,48,12,11,131.061,10
2026,1,84,Marshall,Sun Belt,0,1,-375.000,-116.667,77,0.000,0.131,-0.131,-0.472,0.000,375.000,0,45,12,12,116.667,18
2026,1,84,Miami (OH),Mid-American,0,1,-375.000,-116.667,76,0.000,0.204,-0.204,-0.737,116.667,491.667,14,59,12,12,116.667,16
2026,1,86,UL Monroe,Sun Belt,0,1,-376.923,-107.692,73,0.000,0.209,-0.209,-0.754,100.000,476.923,13,62,13,13,107.692,21
2026,1,87,Fresno State,Pac-12,0,1,-390.000,-106.654,72,0.000,0.000,-0.000,0.001,0.000,390.000,0,39,10,10,173.346,1
2026,1,88,Missouri State,Conference USA,0,1,-416.667,-116.667,78,0.000,0.131,-0.131,-0.472,0.000,416.667,0,50,11,12,116.667,17
2026,1,89,North Texas,American Athletic,0,1,-417.778,-164.444,94,0.000,0.168,-0.168,-0.605,160.000,577.778,16,52,10,9,164.444,2
2026,1,90,Florida Atlantic,American Athletic,0,1,-425.000,-135.227,89,0.000,0.207,-0.207,-0.749,175.000,600.000,21,66,12,11,135.227,7
2026,1,91,Ball State,Mid-American,0,1,-443.590,-117.628,80,0.000,0.146,-0.146,-0.527,23.077,466.667,3,56,13,12,117.628,14
2026,1,92,UTEP,Mountain West,0,1,-463.636,-127.273,83,0.000,0.118,-0.118,-0.426,0.000,463.636,0,51,13,11,127.273,11
2026,1,93,Kent State,Mid-American,0,1,-570.000,-140.000,92,0.000,0.105,-0.105,-0.378,0.000,570.000,0,57,10,10,140.000,4
2026,1,94,Texas State,Pac-12,0,1,-591.919,-162.626,93,0.000,0.122,-0.122,-0.438,63.636,655.556,7,59,11,9,162.626,3
2026,4,1,Notre Dame,FBS Independents,4,0,333.624,291.179,1,1.000,1.000,0.000,0.068,412.195,78.571,169,33,41,42,45.926,38
2026,4,2,Miami,ACC,3,0,303.314,111.261,27,1.000,0.842,0.158,0.701,393.939,90.625,130,29,33,32,-97.981,130
2026,4,3,Nebraska,Big Ten,3,0,300.758,218.507,9,1.000,0.917,0.083,0.399,425.000,124.242,136,41,32,33,-17.705,83
2026,4,4,Ohio State,Big Ten,3,1,287.049,172.876,11,0.750,0.938,-0.188,-0.683,391.304,104.255,180,49,46,47,2.446,70
2026,4,5,Georgia,SEC,3,0,280.952,241.570,4,1.000,0.898,0.102,0.476,400.000,119.048,156,50,39,42,18.182,61
2026,4,6,Indiana,Big Ten,3,0,258.065,256.710,3,1.000,0.973,0.027,0.175,383.871,125.806,119,39,31,31,57.822,31
2026,4,7,Alabama,SEC,4,0,243.205,225.227,8,1.000,0.886,0.114,0.524,408.511,165.306,192,81,47,49,10.979,66
2026,4,8,Utah,Big 12,3,0,232.888,237.995,5,1.000,0.965,0.035,0.209,314.706,81.818,107,27,34,33,32.945,47
2026,4,9,Florida,SEC,3,0,225.042,259.803,2,1.000,0.890,0.110,0.509,476.471,251.429,162,88,34,35,87.833,13
2026,4,10,Massachusetts,Mid-American,1,0,207.857,74.624,40,1.000,0.731,0.269,1.144,342.857,135.000,72,27,21,20,-143.431,135
2026,4,11,Penn State,Big Ten,3,1,206.122,122.206,23,0.750,0.998,-0.248,-0.925,300.000,93.878,147,46,49,49,-25.102,86
2026,4,12,UCLA,Big Ten,4,0,202.721,127.537,20,1.000,0.847,0.153,0.681,344.231,141.509,179,75,52,53,-25.405,88
2026,4,13,LSU,SEC,3,1,190.769,195.295,10,0.750,0.917,-0.167,-0.600,310.000,119.231,155,62,50,52,54.022,35
2026,4,14,Pittsburgh,ACC,3,0,188.235,165.403,14,1.000,0.918,0.082,0.396,288.235,100.000,98,34,34,34,27.070,51
2026,4,15,Mississippi State,SEC,4,0,183.349,113.775,26,1.000,0.750,0.250,1.067,365.957,182.609,172,84,47,46,-32.112,98
2026,4,16,Texas,SEC,4,0,180.338,234.968,6,1.000,0.979,0.021,0.150,295.556,115.217,133,53,45,46,98.351,9
2026,4,17,North Dakota State,Mountain West,3,0,165.625,75.761,38,1.000,0.726,0.274,1.163,318.750,153.125,102,49,32,32,-85.148,125
2026,4,18,New Mexico,Mountain West,2,1,151.613,12.288,63,0.667,0.534,0.133,0.600,277.419,125.806,86,39,31,31,-127.106,134
2026,4,19,Tennessee,SEC,2,1,150.000,170.812,13,0.667,0.888,-0.221,-0.816,305.882,155.882,104,53,34,34,23.081,57
2026,4,20,Virginia,ACC,2,1,142.267,140.681,17,0.667,0.918,-0.252,-0.938,278.378,136.111,103,49,37,36,19.644,59
2026,4,21,Iowa,Big Ten,3,0,139.319,66.056,41,1.000,0.769,0.231,0.993,223.529,84.211,76,32,34,38,-27.204,91
2026,4,22,Liberty,Conference USA,2,1,138.508,75.861,37,0.667,0.681,-0.014,0.011,306.250,167.742,98,52,32,31,-25.990,89
2026,4,23,USC,Big Ten,4,1,136.735,78.467,35,0.800,0.645,0.155,0.689,406.122,269.388,199,132,49,49,-33.756,101
2026,4,24,Texas Tech,Big 12,3,0,131.082,137.344,19,1.000,0.861,0.139,0.624,287.179,156.098,112,64,39,41,34.260,46
2026,4,25,Virginia Tech,ACC,3,0,128.745,87.023,32,1.000,0.688,0.312,1.315,303.030,174.286,100,61,33,35,-43.746,109
2026,4,26,Northwestern,Big Ten,1,1,127.273,231.456,7,0.500,0.892,-0.392,-1.499,290.909,163.636,64,36,22,22,143.230,5
2026,4,27,James Madison,Sun Belt,3,0,124.324,83.268,34,1.000,0.770,0.230,0.986,248.649,124.324,92,46,37,37,-33.769,102
2026,4,28,BYU,Big 12,2,0,123.160,96.316,31,1.000,0.856,0.144,0.642,313.636,190.476,69,40,22,21,-24.972,85
2026,4,29,Duke,ACC,3,0,121.518,39.080,52,1.000,0.695,0.305,1.287,237.143,115.625,83,37,35,32,-79.523,122
2026,4,30,Nevada,Mountain West,1,1,119.846,51.800,44,0.500,0.622,-0.122,-0.419,316.000,196.154,79,51,25,26,-10.827,79
2026,4,31,Boise State,Pac-12,2,1,109.091,171.591,12,0.667,0.868,-0.201,-0.737,293.939,184.848,97,61,33,33,42.739,40
2026,4,32,Houston,Big 12,2,1,99.167,144.420,16,0.667,0.773,-0.107,-0.359,336.667,237.500,101,76,30,32,34.739,45
2026,4,33,Michigan,Big Ten,3,1,97.674,44.223,48,0.750,0.616,0.134,0.605,234.884,137.209,101,59,43,43,-33.732,100
2026,4,34,Iowa State,Big 12,1,2,92.857,98.520,30,0.333,0.748,-0.415,-1.592,242.857,150.000,85,54,35,36,72.763,17
2026,4,35,Kansas State,Big 12,2,1,88.661,15.997,60,0.667,0.538,0.128,0.581,275.758,187.097,91,58,33,31,-71.343,121
2026,4,36,Auburn,SEC,3,1,86.232,139.204,18,0.750,0.875,-0.125,-0.432,266.667,180.435,120,83,45,46,66.599,22
2026,4,37,Texas A&M,SEC,2,2,79.592,50.022,47,0.500,0.655,-0.155,-0.550,255.102,175.510,125,86,49,49,7.720,67
2026,4,38,Wisconsin,Big Ten,2,1,75.551,103.276,29,0.667,0.685,-0.019,-0.007,284.375,208.824,91,71,32,34,75.916,15
2026,4,39,Minnesota,Big Ten,1,1,71.852,-14.558,75,0.500,0.450,0.050,0.269,251.852,180.000,68,45,27,25,-104.017,131
2026,4,40,Toledo,Mid-American,2,1,69.475,75.105,39,0.667,0.679,-0.013,0.017,323.529,254.054,110,94,34,37,13.450,64
2026,4,41,South Florida,American Athletic,3,0,68.851,20.987,59,1.000,0.552,0.448,1.859,203.333,134.483,61,39,30,29,-46.252,111
2026,4,42,Baylor,Big 12,2,1,60.427,116.615,25,0.667,0.801,-0.134,-0.469,182.927,122.500,75,49,41,40,57.427,32
2026,4,43,Arizona,Big 12,2,1,59.238,-33.837,85,0.667,0.435,0.232,0.995,281.818,222.581,93,69,33,31,-104.049,132
2026,4,44,UCF,Big 12,2,1,58.987,109.269,28,0.667,0.810,-0.144,-0.507,211.765,152.778,72,55,34,36,47.253,36
2026,4,45,Oregon,Big Ten,2,1,58.120,164.758,15,0.667,0.858,-0.191,-0.697,302.857,244.737,106,93,35,38,92.137,11
2026,4,46,Wake Forest,ACC,3,1,56.522,28.415,54,0.750,0.575,0.175,0.769,300.000,243.478,126,112,42,46,-33.958,103
2026,4,47,South Carolina,SEC,1,2,54.286,85.967,33,0.333,0.739,-0.406,-1.555,311.429,257.143,109,90,35,35,84.941,14
2026,4,48,Georgia State,Sun Belt,2,1,52.381,-37.118,87,0.667,0.414,0.252,1.077,266.667,214.286,96,75,36,35,-92.577,128
2026,4,49,Cincinnati,Big 12,3,0,52.088,50.842,46,1.000,0.623,0.377,1.577,270.270,218.182,100,72,37,33,-2.693,74
2026,4,50,Oklahoma,SEC,2,2,51.064,28.264,55,0.500,0.668,-0.168,-0.603,187.234,136.170,88,64,47,47,17.716,62
2026,4,51,Ole Miss,SEC,3,1,48.164,122.230,22,0.750,0.768,-0.018,-0.004,315.556,267.391,142,123,45,46,71.241,18
2026,4,52,Missouri,SEC,2,1,46.626,-4.013,71,0.667,0.488,0.178,0.781,228.205,181.579,89,69,39,38,-46.839,113
2026,4,53,Fresno State,Pac-12,2,1,42.691,-75.471,100,0.667,0.142,0.525,2.166,206.977,164.286,89,69,43,42,-80.566,123
2026,4,54,Louisiana,Sun Belt,2,1,30.229,-63.341,97,0.667,0.326,0.341,1.431,236.111,205.882,85,70,36,34,-82.700,124
2026,4,55,TCU,Big 12,1,2,30.040,13.474,61,0.333,0.552,-0.219,-0.809,168.750,138.710,54,43,32,31,-11.980,80
2026,4,56,Vanderbilt,SEC,2,1,19.444,43.439,50,0.667,0.619,0.048,0.259,236.111,216.667,85,78,36,36,24.745,55
2026,4,57,Oklahoma State,Big 12,2,1,17.333,26.352,57,0.667,0.577,0.089,0.425,333.333,316.000,90,79,27,25,73.916,16
2026,4,58,Memphis,American Athletic,2,1,17.143,-34.511,86,0.667,0.420,0.247,1.054,254.286,237.143,89,83,35,35,-39.604,108
2026,4,59,Kentucky,SEC,2,1,16.667,76.256,36,0.667,0.716,-0.049,-0.128,258.333,241.667,93,87,36,36,64.710,23
2026,4,60,UConn,FBS Independents,1,2,15.521,-38.889,88,0.333,0.391,-0.058,-0.163,237.143,221.622,83,82,35,37,-46.582,112
2026,4,61,Michigan State,Big Ten,2,2,13.141,118.071,24,0.500,0.777,-0.277,-1.040,225.641,212.500,88,85,39,40,99.788,8
2026,4,62,Washington,Big Ten,2,0,7.407,-162.842,125,1.000,0.121,0.879,3.581,148.148,140.741,40,38,27,27,-88.095,126
2026,4,63,UTSA,American Athletic,2,1,0.877,58.195,43,0.667,0.663,0.004,0.083,266.667,265.789,96,101,36,38,70.128,20
2026,4,64,Army,American Athletic,1,1,0.000,4.567,65,0.500,0.516,-0.016,0.004,250.000,250.000,45,45,18,18,0.817,72
2026,4,65,Oregon State,Pac-12,0,2,-0.588,43.844,49,0.000,0.641,-0.641,-2.497,220.000,220.588,77,75,35,34,18.183,60
2026,4,66,Middle Tennessee,Conference USA,1,2,-1.875,-43.886,90,0.333,0.354,-0.021,-0.016,220.000,221.875,66,71,30,32,-35.012,105
2026,4,67,Louisville,ACC,1,2,-3.881,24.757,58,0.333,0.562,-0.229,-0.849,271.795,275.676,106,102,39,37,29.677,49
2026,4,68,North Carolina,ACC,1,1,-6.126,27.633,56,0.500,0.578,-0.078,-0.243,159.091,165.217,35,38,22,23,26.992,52
2026,4,69,UNLV,Mountain West,2,2,-6.152,-117.560,114,0.500,0.097,0.403,1.679,182.979,189.130,86,87,47,46,-145.748,136
2026,4,70,Florida Atlantic,American Athletic,3,1,-6.522,2.065,67,0.750,0.505,0.245,1.046,260.870,267.391,120,123,46,46,-27.480,92
2026,4,71,Florida State,ACC,1,2,-8.378,-26.488,82,0.333,0.432,-0.099,-0.329,276.471,284.848,94,94,34,33,-29.115,94
2026,4,72,West Virginia,Big 12,2,1,-9.402,123.901,21,0.667,0.753,-0.086,-0.276,344.444,353.846,93,92,27,26,63.187,25
2026,4,73,Colorado State,Pac-12,1,2,-11.120,-16.106,76,0.333,0.470,-0.136,-0.477,294.286,305.405,103,113,35,37,-13.490,82
2026,4,74,Florida International,Conference USA,1,2,-18.095,-57.560,94,0.333,0.194,0.140,0.626,148.571,166.667,52,55,35,33,-26.297,90
2026,4,75,Tulsa,American Athletic,2,1,-18.403,-16.926,77,0.667,0.435,0.231,0.992,155.882,174.286,53,61,34,35,2.266,71
2026,4,76,Clemson,ACC,3,1,-18.627,40.510,51,0.750,0.665,0.085,0.409,164.706,183.333,84,88,51,48,24.725,56
2026,4,77,Air Force,Mountain West,0,1,-19.780,51.053,45,0.000,0.598,-0.598,-2.325,323.077,342.857,42,48,13,14,63.780,24
2026,4,78,App State,Sun Belt,2,1,-23.504,-134.602,117,0.667,0.209,0.458,1.899,215.385,238.889,84,86,39,36,-111.533,133
2026,4,79,SMU,ACC,1,1,-27.022,-61.615,96,0.500,0.340,0.160,0.707,232.353,259.375,79,83,34,32,-35.411,106
2026,4,80,UAB,American Athletic,2,2,-27.738,-131.674,116,0.500,0.137,0.363,1.519,217.500,245.238,87,103,40,42,-92.394,127
2026,4,81,Illinois,Big Ten,1,2,-30.769,5.927,64,0.333,0.509,-0.176,-0.635,338.462,369.231,88,96,26,26,26.761,53
2026,4,82,Tulane,American Athletic,2,2,-34.829,-80.762,102,0.500,0.246,0.254,1.085,163.043,197.872,75,93,46,47,-44.875,110
2026,4,83,North Texas,American Athletic,1,2,-36.364,-18.345,79,0.333,0.461,-0.128,-0.445,287.879,324.242,95,107,33,33,43.557,39
2026,4,84,Troy,Sun Belt,1,2,-47.368,-100.209,110,0.333,0.197,0.136,0.613,134.211,181.579,51,69,38,38,-51.704,114
2026,4,85,Jacksonville State,Conference USA,2,2,-50.349,-74.450,99,0.500,0.299,0.201,0.873,204.651,255.000,88,102,43,40,-32.629,99
2026,4,86,Navy,American Athletic,0,2,-52.174,-116.320,113,0.000,0.232,-0.232,-0.859,217.391,269.565,50,62,23,23,-64.804,119
2026,4,87,Boston College,ACC,1,2,-52.778,-25.114,81,0.333,0.380,-0.047,-0.121,158.333,211.111,57,76,36,36,27.683,50
2026,4,88,NC State,ACC,1,2,-61.562,-47.888,92,0.333,0.383,-0.050,-0.131,216.216,277.778,80,100,37,36,16.506,63
2026,4,89,Western Michigan,Mid-American,1,2,-63.333,-2.030,69,0.333,0.491,-0.158,-0.564,156.667,220.000,47,66,30,30,62.347,26
2026,4,90,Utah State,Pac-12,1,2,-66.667,-65.617,98,0.333,0.227,0.106,0.491,97.222,163.889,35,59,36,36,-8.352,76
2026,4,91,South Alabama,Sun Belt,1,2,-67.647,-81.118,103,0.333,0.331,0.003,0.078,252.941,320.588,86,109,34,34,-29.976,96
2026,4,92,Wyoming,Mountain West,1,2,-67.857,-194.980,131,0.333,0.045,0.289,1.222,178.571,246.429,50,69,28,28,-147.295,137
2026,4,93,Georgia Tech,ACC,0,2,-68.269,-3.078,70,0.000,0.494,-0.494,-1.908,219.231,287.500,57,69,26,24,12.276,65
2026,4,94,San José State,Mountain West,1,2,-68.841,-139.908,119,0.333,0.162,0.171,0.752,153.659,222.500,63,89,41,40,-60.881,117
2026,4,95,Hawai'i,Mountain West,1,3,-71.111,-267.152,138,0.250,0.023,0.227,0.977,160.000,231.111,72,104,45,45,-181.807,138
2026,4,96,Coastal Carolina,Sun Belt,0,3,-73.370,-14.307,74,0.000,0.446,-0.446,-1.715,161.765,235.135,55,87,34,37,60.893,27
2026,4,97,Arizona State,Big 12,1,1,-75.000,-136.171,118,0.500,0.180,0.320,1.347,157.143,232.143,44,65,28,28,-52.031,115
2026,4,98,Temple,American Athletic,0,3,-76.667,-19.352,80,0.000,0.462,-0.462,-1.781,246.667,323.333,74,97,30,30,67.293,21
2026,4,99,Syracuse,ACC,0,2,-83.399,-29.097,84,0.000,0.403,-0.403,-1.543,134.783,218.182,31,48,23,22,59.172,28
2026,4,100,Kansas,Big 12,0,2,-85.714,-154.084,122,0.000,0.084,-0.084,-0.266,135.714,221.429,38,62,28,28,-70.092,120
2026,4,101,California,ACC,1,2,-88.889,-47.059,91,0.333,0.378,-0.044,-0.110,152.778,241.667,55,87,36,36,46.317,37
2026,4,102,Rutgers,Big Ten,0,3,-90.909,-54.816,93,0.000,0.383,-0.383,-1.464,233.333,324.242,77,107,33,33,42.659,41
2026,4,103,Georgia Southern,Sun Belt,0,3,-91.533,-76.970,101,0.000,0.323,-0.323,-1.223,187.879,279.412,62,95,33,34,36.827,44
2026,4,104,Ohio,Mid-American,1,2,-98.403,-85.423,106,0.333,0.308,0.025,0.167,245.714,344.118,86,117,35,34,20.980,58
2026,4,105,East Carolina,American Athletic,1,2,-100.000,-91.821,109,0.333,0.150,0.183,0.799,142.105,242.105,54,92,38,38,-9.392,78
2026,4,106,Arkansas,SEC,1,2,-100.000,65.930,42,0.333,0.679,-0.346,-1.316,184.848,284.848,61,94,33,33,154.213,3
2026,4,107,Colorado,Big 12,1,2,-105.544,29.749,53,0.333,0.717,-0.384,-1.468,91.892,197.436,34,77,37,39,114.998,6
2026,4,108,Delaware,Conference USA,1,2,-107.063,-17.082,78,0.333,0.450,-0.117,-0.400,145.714,252.778,51,91,35,36,56.604,33
2026,4,109,Miami (OH),Mid-American,1,2,-107.870,1.038,68,0.333,0.503,-0.169,-0.610,202.941,310.811,69,115,34,37,59.119,29
2026,4,110,Sam Houston,Conference USA,0,3,-119.298,-85.484,107,0.000,0.273,-0.273,-1.025,133.333,252.632,52,96,39,38,6.737,68
2026,4,111,Washington State,Pac-12,0,3,-121.517,-184.109,128,0.000,0.012,-0.012,0.018,120.588,242.105,41,92,34,38,-60.227,116
2026,4,112,Arkansas State,Sun Belt,1,2,-121.875,-172.844,127,0.333,0.110,0.223,0.961,150.000,271.875,48,87,32,32,-61.228,118
2026,4,113,Maryland,Big Ten,1,2,-126.625,12.676,62,0.333,0.538,-0.204,-0.750,176.316,302.941,67,103,38,34,58.557,30
2026,4,114,Marshall,Sun Belt,2,1,-131.161,-82.387,104,0.667,0.321,0.346,1.452,165.714,296.875,58,95,35,32,-8.727,77
2026,4,115,Old Dominion,Sun Belt,0,3,-140.588,-118.800,115,0.000,0.215,-0.215,-0.793,141.463,282.051,58,110,41,39,26.157,54
2026,4,116,Stanford,ACC,1,2,-144.486,-163.734,126,0.333,0.167,0.166,0.733,157.895,302.381,60,127,38,42,-29.972,95
2026,4,117,Eastern Michigan,Mid-American,1,3,-145.479,-185.638,129,0.250,0.038,0.212,0.917,137.500,282.979,66,133,48,47,-37.652,107
2026,4,118,San Diego State,Pac-12,0,3,-151.351,-58.368,95,0.000,0.317,-0.317,-1.200,105.405,256.757,39,95,37,37,95.304,10
2026,4,119,New Mexico State,Conference USA,0,3,-154.545,-250.956,136,0.000,0.046,-0.046,-0.118,163.636,318.182,54,105,33,33,-93.784,129
2026,4,120,Missouri State,Conference USA,0,2,-160.069,-104.501,112,0.000,0.199,-0.199,-0.729,155.556,315.625,42,101,27,32,-31.327,97
2026,4,121,Southern Miss,Sun Belt,0,3,-165.924,-153.459,121,0.000,0.145,-0.145,-0.514,128.947,294.872,49,115,38,39,6.518,69
2026,4,122,Louisiana Tech,Sun Belt,0,2,-167.063,3.327,66,0.000,0.510,-0.510,-1.973,122.222,289.286,33,81,27,28,155.955,2
2026,4,123,Texas State,Pac-12,1,2,-168.940,-8.478,72,0.333,0.480,-0.147,-0.519,234.286,403.226,82,125,35,31,91.606,12
2026,4,124,Kennesaw State,Conference USA,0,3,-170.968,-162.646,124,0.000,0.089,-0.089,-0.289,129.032,300.000,40,90,31,30,-13.050,81
2026,4,125,Charlotte,American Athletic,0,3,-176.450,-194.892,130,0.000,0.036,-0.036,-0.076,112.121,288.571,37,101,33,35,-25.238,87
2026,4,126,Buffalo,Mid-American,0,2,-185.591,-101.945,111,0.000,0.308,-0.308,-1.162,117.857,303.448,33,88,28,29,32.323,48
2026,4,127,Purdue,Big Ten,0,3,-194.375,-8.869,73,0.000,0.485,-0.485,-1.870,240.000,434.375,84,139,35,32,149.044,4
2026,4,128,Rice,American Athletic,0,2,-220.798,-28.774,83,0.000,0.442,-0.442,-1.702,140.741,361.538,38,94,27,26,71.226,19
2026,4,129,Central Michigan,Mid-American,1,2,-227.586,-158.625,123,0.333,0.124,0.209,0.904,117.241,344.828,34,100,29,29,-23.810,84
2026,4,130,Sacramento State,Mid-American,0,3,-234.057,-232.047,135,0.000,0.063,-0.063,-0.185,83.721,317.778,36,143,43,45,-27.681,93
2026,4,131,Akron,Mid-American,0,3,-240.000,-262.982,137,0.000,0.046,-0.046,-0.115,94.286,334.286,33,117,35,35,-34.567,104
2026,4,132,Northern Illinois,Mountain West,0,3,-258.007,-224.354,133,0.000,0.030,-0.030,-0.053,86.111,344.118,31,117,36,34,-1.633,73
2026,4,133,UL Monroe,Sun Belt,0,3,-260.173,-195.844,132,0.000,0.094,-0.094,-0.309,142.857,403.030,50,133,35,33,-5.278,75
2026,4,134,Kent State,Mid-American,1,2,-305.615,-84.178,105,0.333,0.220,0.113,0.519,85.294,390.909,29,129,34,33,37.304,43
2026,4,135,Ball State,Mid-American,0,3,-309.091,-146.932,120,0.000,0.150,-0.150,-0.532,93.939,403.030,31,133,33,33,54.853,34
2026,4,136,Western Kentucky,Conference USA,0,3,-319.637,-39.647,89,0.000,0.341,-0.341,-1.297,82.927,402.564,34,157,41,39,183.360,1
2026,4,137,Bowling Green,Mid-American,0,3,-321.645,-85.763,108,0.000,0.157,-0.157,-0.561,57.143,378.788,20,125,35,33,112.672,7
2026,4,138,UTEP,Mountain West,0,2,-365.982,-227.216,134,0.000,0.081,-0.081,-0.256,72.727,438.710,24,136,33,31,38.777,42
